<?xml version="1.0" encoding="UTF-8"?>
<index>
	<title>WebSocketMain 的源代码</title>
	<nodes>
		<node label="html-template">
			<node label="history">
				<node icon="cssIcon" label="history.css" url="source/html-template/history/history.css.html"/>
				<node label="history.js" url="source/html-template/history/history.js.txt"/>
				<node icon="htmlIcon" label="historyFrame.html" url="source/html-template/history/historyFrame.html"/>
			</node>
			<node icon="htmlIcon" label="index.template.html" url="source/html-template/index.template.html"/>
			<node icon="swfIcon" label="playerProductInstall.swf" url="source/html-template/playerProductInstall.swf"/>
			<node label="swfobject.js" url="source/html-template/swfobject.js.txt"/>
		</node>
		<node label="src">
			<node icon="packageIcon" label="com.adobe.net.proxies" expanded="true">
				<node icon="actionScriptIcon" label="RFC2817Socket.as" url="source/com/adobe/net/proxies/RFC2817Socket.as.html"/>
			</node>
			<node icon="packageIcon" label="com.gsolo.encryption" expanded="true">
				<node icon="actionScriptIcon" label="MD5.as" url="source/com/gsolo/encryption/MD5.as.html"/>
				<node icon="actionScriptIcon" label="SHA1.as" url="source/com/gsolo/encryption/SHA1.as.html"/>
			</node>
			<node icon="packageIcon" label="com.hurlant.crypto" expanded="true">
				<node icon="actionScriptIcon" label="Crypto.as" url="source/com/hurlant/crypto/Crypto.as.html"/>
			</node>
			<node icon="packageIcon" label="com.hurlant.crypto.cert" expanded="true">
				<node icon="actionScriptIcon" label="MozillaRootCertificates.as" url="source/com/hurlant/crypto/cert/MozillaRootCertificates.as.html"/>
				<node icon="actionScriptIcon" label="X509Certificate.as" url="source/com/hurlant/crypto/cert/X509Certificate.as.html"/>
				<node icon="actionScriptIcon" label="X509CertificateCollection.as" url="source/com/hurlant/crypto/cert/X509CertificateCollection.as.html"/>
			</node>
			<node icon="packageIcon" label="com.hurlant.crypto.hash" expanded="true">
				<node icon="actionScriptIcon" label="HMAC.as" url="source/com/hurlant/crypto/hash/HMAC.as.html"/>
				<node icon="actionScriptIcon" label="IHash.as" url="source/com/hurlant/crypto/hash/IHash.as.html"/>
				<node icon="actionScriptIcon" label="IHMAC.as" url="source/com/hurlant/crypto/hash/IHMAC.as.html"/>
				<node icon="actionScriptIcon" label="MAC.as" url="source/com/hurlant/crypto/hash/MAC.as.html"/>
				<node icon="actionScriptIcon" label="MD2.as" url="source/com/hurlant/crypto/hash/MD2.as.html"/>
				<node icon="actionScriptIcon" label="MD5.as" url="source/com/hurlant/crypto/hash/MD5.as.html"/>
				<node icon="actionScriptIcon" label="SHA1.as" url="source/com/hurlant/crypto/hash/SHA1.as.html"/>
				<node icon="actionScriptIcon" label="SHA224.as" url="source/com/hurlant/crypto/hash/SHA224.as.html"/>
				<node icon="actionScriptIcon" label="SHA256.as" url="source/com/hurlant/crypto/hash/SHA256.as.html"/>
				<node icon="actionScriptIcon" label="SHABase.as" url="source/com/hurlant/crypto/hash/SHABase.as.html"/>
			</node>
			<node icon="packageIcon" label="com.hurlant.crypto.prng" expanded="true">
				<node icon="actionScriptIcon" label="ARC4.as" url="source/com/hurlant/crypto/prng/ARC4.as.html"/>
				<node icon="actionScriptIcon" label="IPRNG.as" url="source/com/hurlant/crypto/prng/IPRNG.as.html"/>
				<node icon="actionScriptIcon" label="Random.as" url="source/com/hurlant/crypto/prng/Random.as.html"/>
				<node icon="actionScriptIcon" label="TLSPRF.as" url="source/com/hurlant/crypto/prng/TLSPRF.as.html"/>
			</node>
			<node icon="packageIcon" label="com.hurlant.crypto.rsa" expanded="true">
				<node icon="actionScriptIcon" label="RSAKey.as" url="source/com/hurlant/crypto/rsa/RSAKey.as.html"/>
			</node>
			<node icon="packageIcon" label="com.hurlant.crypto.symmetric" expanded="true">
				<node icon="actionScriptIcon" label="AESKey.as" url="source/com/hurlant/crypto/symmetric/AESKey.as.html"/>
				<node label="aeskey.pl" url="source/com/hurlant/crypto/symmetric/aeskey.pl"/>
				<node icon="actionScriptIcon" label="BlowFishKey.as" url="source/com/hurlant/crypto/symmetric/BlowFishKey.as.html"/>
				<node icon="actionScriptIcon" label="CBCMode.as" url="source/com/hurlant/crypto/symmetric/CBCMode.as.html"/>
				<node icon="actionScriptIcon" label="CFB8Mode.as" url="source/com/hurlant/crypto/symmetric/CFB8Mode.as.html"/>
				<node icon="actionScriptIcon" label="CFBMode.as" url="source/com/hurlant/crypto/symmetric/CFBMode.as.html"/>
				<node icon="actionScriptIcon" label="CTRMode.as" url="source/com/hurlant/crypto/symmetric/CTRMode.as.html"/>
				<node icon="actionScriptIcon" label="DESKey.as" url="source/com/hurlant/crypto/symmetric/DESKey.as.html"/>
				<node label="dump.txt" url="source/com/hurlant/crypto/symmetric/dump.txt"/>
				<node icon="actionScriptIcon" label="ECBMode.as" url="source/com/hurlant/crypto/symmetric/ECBMode.as.html"/>
				<node icon="actionScriptIcon" label="ICipher.as" url="source/com/hurlant/crypto/symmetric/ICipher.as.html"/>
				<node icon="actionScriptIcon" label="IMode.as" url="source/com/hurlant/crypto/symmetric/IMode.as.html"/>
				<node icon="actionScriptIcon" label="IPad.as" url="source/com/hurlant/crypto/symmetric/IPad.as.html"/>
				<node icon="actionScriptIcon" label="IStreamCipher.as" url="source/com/hurlant/crypto/symmetric/IStreamCipher.as.html"/>
				<node icon="actionScriptIcon" label="ISymmetricKey.as" url="source/com/hurlant/crypto/symmetric/ISymmetricKey.as.html"/>
				<node icon="actionScriptIcon" label="IVMode.as" url="source/com/hurlant/crypto/symmetric/IVMode.as.html"/>
				<node icon="actionScriptIcon" label="NullPad.as" url="source/com/hurlant/crypto/symmetric/NullPad.as.html"/>
				<node icon="actionScriptIcon" label="OFBMode.as" url="source/com/hurlant/crypto/symmetric/OFBMode.as.html"/>
				<node icon="actionScriptIcon" label="PKCS5.as" url="source/com/hurlant/crypto/symmetric/PKCS5.as.html"/>
				<node icon="actionScriptIcon" label="SimpleIVMode.as" url="source/com/hurlant/crypto/symmetric/SimpleIVMode.as.html"/>
				<node icon="actionScriptIcon" label="SSLPad.as" url="source/com/hurlant/crypto/symmetric/SSLPad.as.html"/>
				<node icon="actionScriptIcon" label="TLSPad.as" url="source/com/hurlant/crypto/symmetric/TLSPad.as.html"/>
				<node icon="actionScriptIcon" label="TripleDESKey.as" url="source/com/hurlant/crypto/symmetric/TripleDESKey.as.html"/>
				<node icon="actionScriptIcon" label="XTeaKey.as" url="source/com/hurlant/crypto/symmetric/XTeaKey.as.html"/>
			</node>
			<node icon="packageIcon" label="com.hurlant.crypto.tests" expanded="true">
				<node icon="actionScriptIcon" label="AESKeyTest.as" url="source/com/hurlant/crypto/tests/AESKeyTest.as.html"/>
				<node icon="actionScriptIcon" label="ARC4Test.as" url="source/com/hurlant/crypto/tests/ARC4Test.as.html"/>
				<node icon="actionScriptIcon" label="BigIntegerTest.as" url="source/com/hurlant/crypto/tests/BigIntegerTest.as.html"/>
				<node icon="actionScriptIcon" label="BlowFishKeyTest.as" url="source/com/hurlant/crypto/tests/BlowFishKeyTest.as.html"/>
				<node icon="actionScriptIcon" label="CBCModeTest.as" url="source/com/hurlant/crypto/tests/CBCModeTest.as.html"/>
				<node icon="actionScriptIcon" label="CFB8ModeTest.as" url="source/com/hurlant/crypto/tests/CFB8ModeTest.as.html"/>
				<node icon="actionScriptIcon" label="CFBModeTest.as" url="source/com/hurlant/crypto/tests/CFBModeTest.as.html"/>
				<node icon="actionScriptIcon" label="CTRModeTest.as" url="source/com/hurlant/crypto/tests/CTRModeTest.as.html"/>
				<node icon="actionScriptIcon" label="DESKeyTest.as" url="source/com/hurlant/crypto/tests/DESKeyTest.as.html"/>
				<node icon="actionScriptIcon" label="ECBModeTest.as" url="source/com/hurlant/crypto/tests/ECBModeTest.as.html"/>
				<node icon="actionScriptIcon" label="HMACTest.as" url="source/com/hurlant/crypto/tests/HMACTest.as.html"/>
				<node icon="actionScriptIcon" label="ITestHarness.as" url="source/com/hurlant/crypto/tests/ITestHarness.as.html"/>
				<node icon="actionScriptIcon" label="MD2Test.as" url="source/com/hurlant/crypto/tests/MD2Test.as.html"/>
				<node icon="actionScriptIcon" label="MD5Test.as" url="source/com/hurlant/crypto/tests/MD5Test.as.html"/>
				<node icon="actionScriptIcon" label="OFBModeTest.as" url="source/com/hurlant/crypto/tests/OFBModeTest.as.html"/>
				<node icon="actionScriptIcon" label="RSAKeyTest.as" url="source/com/hurlant/crypto/tests/RSAKeyTest.as.html"/>
				<node icon="actionScriptIcon" label="SHA1Test.as" url="source/com/hurlant/crypto/tests/SHA1Test.as.html"/>
				<node icon="actionScriptIcon" label="SHA224Test.as" url="source/com/hurlant/crypto/tests/SHA224Test.as.html"/>
				<node icon="actionScriptIcon" label="SHA256Test.as" url="source/com/hurlant/crypto/tests/SHA256Test.as.html"/>
				<node icon="actionScriptIcon" label="TestCase.as" url="source/com/hurlant/crypto/tests/TestCase.as.html"/>
				<node icon="actionScriptIcon" label="TLSPRFTest.as" url="source/com/hurlant/crypto/tests/TLSPRFTest.as.html"/>
				<node icon="actionScriptIcon" label="TripleDESKeyTest.as" url="source/com/hurlant/crypto/tests/TripleDESKeyTest.as.html"/>
				<node icon="actionScriptIcon" label="XTeaKeyTest.as" url="source/com/hurlant/crypto/tests/XTeaKeyTest.as.html"/>
			</node>
			<node icon="packageIcon" label="com.hurlant.crypto.tls" expanded="true">
				<node icon="actionScriptIcon" label="BulkCiphers.as" url="source/com/hurlant/crypto/tls/BulkCiphers.as.html"/>
				<node icon="actionScriptIcon" label="CipherSuites.as" url="source/com/hurlant/crypto/tls/CipherSuites.as.html"/>
				<node icon="actionScriptIcon" label="IConnectionState.as" url="source/com/hurlant/crypto/tls/IConnectionState.as.html"/>
				<node icon="actionScriptIcon" label="ISecurityParameters.as" url="source/com/hurlant/crypto/tls/ISecurityParameters.as.html"/>
				<node icon="actionScriptIcon" label="KeyExchanges.as" url="source/com/hurlant/crypto/tls/KeyExchanges.as.html"/>
				<node icon="actionScriptIcon" label="MACs.as" url="source/com/hurlant/crypto/tls/MACs.as.html"/>
				<node icon="actionScriptIcon" label="SSLConnectionState.as" url="source/com/hurlant/crypto/tls/SSLConnectionState.as.html"/>
				<node icon="actionScriptIcon" label="SSLEvent.as" url="source/com/hurlant/crypto/tls/SSLEvent.as.html"/>
				<node icon="actionScriptIcon" label="SSLSecurityParameters.as" url="source/com/hurlant/crypto/tls/SSLSecurityParameters.as.html"/>
				<node icon="actionScriptIcon" label="TLSConfig.as" url="source/com/hurlant/crypto/tls/TLSConfig.as.html"/>
				<node icon="actionScriptIcon" label="TLSConnectionState.as" url="source/com/hurlant/crypto/tls/TLSConnectionState.as.html"/>
				<node icon="actionScriptIcon" label="TLSEngine.as" url="source/com/hurlant/crypto/tls/TLSEngine.as.html"/>
				<node icon="actionScriptIcon" label="TLSError.as" url="source/com/hurlant/crypto/tls/TLSError.as.html"/>
				<node icon="actionScriptIcon" label="TLSEvent.as" url="source/com/hurlant/crypto/tls/TLSEvent.as.html"/>
				<node icon="actionScriptIcon" label="TLSSecurityParameters.as" url="source/com/hurlant/crypto/tls/TLSSecurityParameters.as.html"/>
				<node icon="actionScriptIcon" label="TLSSocket.as" url="source/com/hurlant/crypto/tls/TLSSocket.as.html"/>
				<node icon="actionScriptIcon" label="TLSSocketEvent.as" url="source/com/hurlant/crypto/tls/TLSSocketEvent.as.html"/>
				<node icon="actionScriptIcon" label="TLSTest.as" url="source/com/hurlant/crypto/tls/TLSTest.as.html"/>
			</node>
			<node icon="packageIcon" label="com.hurlant.math" expanded="true">
				<node icon="actionScriptIcon" label="BarrettReduction.as" url="source/com/hurlant/math/BarrettReduction.as.html"/>
				<node icon="actionScriptIcon" label="bi_internal.as" url="source/com/hurlant/math/bi_internal.as.html"/>
				<node icon="actionScriptIcon" label="BigInteger.as" url="source/com/hurlant/math/BigInteger.as.html"/>
				<node icon="actionScriptIcon" label="ClassicReduction.as" url="source/com/hurlant/math/ClassicReduction.as.html"/>
				<node icon="actionScriptIcon" label="IReduction.as" url="source/com/hurlant/math/IReduction.as.html"/>
				<node icon="actionScriptIcon" label="MontgomeryReduction.as" url="source/com/hurlant/math/MontgomeryReduction.as.html"/>
				<node icon="actionScriptIcon" label="NullReduction.as" url="source/com/hurlant/math/NullReduction.as.html"/>
			</node>
			<node icon="packageIcon" label="com.hurlant.util" expanded="true">
				<node icon="actionScriptIcon" label="ArrayUtil.as" url="source/com/hurlant/util/ArrayUtil.as.html"/>
				<node icon="actionScriptIcon" label="Base64.as" url="source/com/hurlant/util/Base64.as.html"/>
				<node icon="actionScriptIcon" label="Hex.as" url="source/com/hurlant/util/Hex.as.html"/>
				<node icon="actionScriptIcon" label="Memory.as" url="source/com/hurlant/util/Memory.as.html"/>
			</node>
			<node icon="packageIcon" label="com.hurlant.util.der" expanded="true">
				<node icon="actionScriptIcon" label="ByteString.as" url="source/com/hurlant/util/der/ByteString.as.html"/>
				<node icon="actionScriptIcon" label="DER.as" url="source/com/hurlant/util/der/DER.as.html"/>
				<node icon="actionScriptIcon" label="IAsn1Type.as" url="source/com/hurlant/util/der/IAsn1Type.as.html"/>
				<node icon="actionScriptIcon" label="Integer.as" url="source/com/hurlant/util/der/Integer.as.html"/>
				<node icon="actionScriptIcon" label="ObjectIdentifier.as" url="source/com/hurlant/util/der/ObjectIdentifier.as.html"/>
				<node icon="actionScriptIcon" label="OID.as" url="source/com/hurlant/util/der/OID.as.html"/>
				<node icon="actionScriptIcon" label="PEM.as" url="source/com/hurlant/util/der/PEM.as.html"/>
				<node icon="actionScriptIcon" label="PrintableString.as" url="source/com/hurlant/util/der/PrintableString.as.html"/>
				<node icon="actionScriptIcon" label="Sequence.as" url="source/com/hurlant/util/der/Sequence.as.html"/>
				<node icon="actionScriptIcon" label="Set.as" url="source/com/hurlant/util/der/Set.as.html"/>
				<node icon="actionScriptIcon" label="Type.as" url="source/com/hurlant/util/der/Type.as.html"/>
				<node icon="actionScriptIcon" label="UTCTime.as" url="source/com/hurlant/util/der/UTCTime.as.html"/>
			</node>
			<node icon="packageIcon" label="com.rcloud.sdk" expanded="true">
				<node icon="actionScriptIcon" label="Add2BlackListInput.as" url="source/com/rcloud/sdk/Add2BlackListInput.as.html"/>
				<node icon="actionScriptIcon" label="BlackListStatusInput.as" url="source/com/rcloud/sdk/BlackListStatusInput.as.html"/>
				<node icon="actionScriptIcon" label="BlockPushInput.as" url="source/com/rcloud/sdk/BlockPushInput.as.html"/>
				<node icon="actionScriptIcon" label="ChannelEvictionInput.as" url="source/com/rcloud/sdk/ChannelEvictionInput.as.html"/>
				<node icon="actionScriptIcon" label="ChannelInfoInput.as" url="source/com/rcloud/sdk/ChannelInfoInput.as.html"/>
				<node icon="actionScriptIcon" label="ChannelInfoOutput.as" url="source/com/rcloud/sdk/ChannelInfoOutput.as.html"/>
				<node icon="actionScriptIcon" label="ChannelInfosInput.as" url="source/com/rcloud/sdk/ChannelInfosInput.as.html"/>
				<node icon="actionScriptIcon" label="ChannelInfosOutput.as" url="source/com/rcloud/sdk/ChannelInfosOutput.as.html"/>
				<node icon="actionScriptIcon" label="ChannelInvitationInput.as" url="source/com/rcloud/sdk/ChannelInvitationInput.as.html"/>
				<node icon="actionScriptIcon" label="ChannelType.as" url="source/com/rcloud/sdk/ChannelType.as.html"/>
				<node icon="actionScriptIcon" label="CreateDiscussionInput.as" url="source/com/rcloud/sdk/CreateDiscussionInput.as.html"/>
				<node icon="actionScriptIcon" label="CreateDiscussionOutput.as" url="source/com/rcloud/sdk/CreateDiscussionOutput.as.html"/>
				<node icon="actionScriptIcon" label="DownStreamMessage.as" url="source/com/rcloud/sdk/DownStreamMessage.as.html"/>
				<node icon="actionScriptIcon" label="DownStreamMessages.as" url="source/com/rcloud/sdk/DownStreamMessages.as.html"/>
				<node icon="actionScriptIcon" label="FileType.as" url="source/com/rcloud/sdk/FileType.as.html"/>
				<node icon="actionScriptIcon" label="GetQNdownloadUrlInput.as" url="source/com/rcloud/sdk/GetQNdownloadUrlInput.as.html"/>
				<node icon="actionScriptIcon" label="GetQNdownloadUrlOutput.as" url="source/com/rcloud/sdk/GetQNdownloadUrlOutput.as.html"/>
				<node icon="actionScriptIcon" label="GetQNupTokenInput.as" url="source/com/rcloud/sdk/GetQNupTokenInput.as.html"/>
				<node icon="actionScriptIcon" label="GetQNupTokenOutput.as" url="source/com/rcloud/sdk/GetQNupTokenOutput.as.html"/>
				<node icon="actionScriptIcon" label="GetSessionIdInput.as" url="source/com/rcloud/sdk/GetSessionIdInput.as.html"/>
				<node icon="actionScriptIcon" label="GetSessionIdOutput.as" url="source/com/rcloud/sdk/GetSessionIdOutput.as.html"/>
				<node icon="actionScriptIcon" label="GetUserInfoInput.as" url="source/com/rcloud/sdk/GetUserInfoInput.as.html"/>
				<node icon="actionScriptIcon" label="GetUserInfoOutput.as" url="source/com/rcloud/sdk/GetUserInfoOutput.as.html"/>
				<node icon="actionScriptIcon" label="GroupHashInput.as" url="source/com/rcloud/sdk/GroupHashInput.as.html"/>
				<node icon="actionScriptIcon" label="GroupHashOutput.as" url="source/com/rcloud/sdk/GroupHashOutput.as.html"/>
				<node icon="actionScriptIcon" label="GroupHashType.as" url="source/com/rcloud/sdk/GroupHashType.as.html"/>
				<node icon="actionScriptIcon" label="GroupInfo.as" url="source/com/rcloud/sdk/GroupInfo.as.html"/>
				<node icon="actionScriptIcon" label="GroupInput.as" url="source/com/rcloud/sdk/GroupInput.as.html"/>
				<node icon="actionScriptIcon" label="GroupMembersInput.as" url="source/com/rcloud/sdk/GroupMembersInput.as.html"/>
				<node icon="actionScriptIcon" label="GroupMembersOutput.as" url="source/com/rcloud/sdk/GroupMembersOutput.as.html"/>
				<node icon="actionScriptIcon" label="GroupOutput.as" url="source/com/rcloud/sdk/GroupOutput.as.html"/>
				<node icon="actionScriptIcon" label="LeaveChannelInput.as" url="source/com/rcloud/sdk/LeaveChannelInput.as.html"/>
				<node icon="actionScriptIcon" label="MemberInfo.as" url="source/com/rcloud/sdk/MemberInfo.as.html"/>
				<node icon="actionScriptIcon" label="ModifyPermissionInput.as" url="source/com/rcloud/sdk/ModifyPermissionInput.as.html"/>
				<node icon="actionScriptIcon" label="NotifyMsg.as" url="source/com/rcloud/sdk/NotifyMsg.as.html"/>
				<node icon="actionScriptIcon" label="QueryBlackListInput.as" url="source/com/rcloud/sdk/QueryBlackListInput.as.html"/>
				<node icon="actionScriptIcon" label="QueryBlackListOutput.as" url="source/com/rcloud/sdk/QueryBlackListOutput.as.html"/>
				<node icon="actionScriptIcon" label="RemoveFromBlackListInput.as" url="source/com/rcloud/sdk/RemoveFromBlackListInput.as.html"/>
				<node icon="actionScriptIcon" label="RenameChannelInput.as" url="source/com/rcloud/sdk/RenameChannelInput.as.html"/>
				<node icon="actionScriptIcon" label="SyncRequestMsg.as" url="source/com/rcloud/sdk/SyncRequestMsg.as.html"/>
				<node icon="actionScriptIcon" label="UpStreamMessage.as" url="source/com/rcloud/sdk/UpStreamMessage.as.html"/>
			</node>
			<node icon="actionScriptIcon" label="CSMsg.as" url="source/CSMsg.as.html"/>
			<node icon="actionScriptIcon" label="IWebSocketLogger.as" url="source/IWebSocketLogger.as.html"/>
			<node icon="actionScriptIcon" label="URLUtil.as" url="source/URLUtil.as.html"/>
			<node icon="actionScriptIcon" label="WebSocket.as" url="source/WebSocket.as.html"/>
			<node icon="actionScriptIcon" label="WebSocketEvent.as" url="source/WebSocketEvent.as.html"/>
			<node icon="actionScriptIcon" label="WebSocketFrame.as" url="source/WebSocketFrame.as.html"/>
			<node icon="mxmlAppIcon" selected="true" label="WebSocketMain.as" url="source/WebSocketMain.as.html"/>
			<node icon="actionScriptIcon" label="WebSocketMainInsecure.as" url="source/WebSocketMainInsecure.as.html"/>
		</node>
	</nodes>
	<zipfile label="下载源代码（ZIP，343 KB）" url="WebSocketMain.zip">
	</zipfile>
	<sdklink label="下载 Flex SDK" url="http://www.adobe.com/go/flex451_sdk_download_zh_CN">
	</sdklink>
</index>
